[{
  "displayName": "Chris Nadeau",
  "email": "cnadeau@evolvingsolutions.ca"
},{
  "displayName": "Jay Remer",
  "email": "jay@etiquetteguy.com"
},{
  "displayName": "Adrian Nadeau",
  "email": "adrian@adriannadeau.com"
},{
  "displayName": "Michael Whelton",
  "email": "whelts@icloud.com"
},{
  "displayName": "Adrian Nadeau",
  "email": "adriannadeau.art@gmail.com"
},{
  "displayName": "Bonny Nadeau",
  "email": "bonnynadeau@mac.com"
},{
  "displayName": "Ade Nadeau",
  "email": "anadeau@evolvingsolutions.ca"
},{
  "displayName": "Ade Info",
  "email": "info@adriannadeau.com"
},{
  "displayName": "Ade Nadeau",
  "email": "ade350@hotmail.com"
},{
  "displayName": "Bryan Copeland",
  "email": "bc@bcmoney-mobiletv.com"
},{
  "displayName": "Quality Assurance",
  "email": "qa@gratitudetoday.org"
},{
  "displayName": "Tania Boulos",
  "email": "tania.boulos@gmail.com"
},{
  "displayName": "Ade Grat",
  "email": "adrian@gratitudetoday.org"
},{
  "displayName": "Sheila Howell",
  "email": "artofsheilahowell@gmail.com"
},{
  "displayName": "Aisha Kindred",
  "email": "aishaedenkindred@gmail.com"
},{
  "displayName": "Anne McShane",
  "email": "feelgoodsj@gmail.com"
},{
  "displayName": "Heather Allen",
  "email": "h_allen@live.ca"
},{
  "displayName": "Jillian English",
  "email": "jillianenglish@live.ca"
},{
  "displayName": "Tyler McKinna",
  "email": "tylermckinna@gmail.com"
},{
  "displayName": "GTDonaherm-12",
  "email": "brian.lordon@gmail.com"
},{
  "displayName": "Mike Wiggins",
  "email": "mikewiggins1975@gmail.com"
},{
  "displayName": "Marty King",
  "email": "martycking@gmail.com"
},{
  "displayName": "Ivan Sisco",
  "email": "ivan@ivansisco.com"
},{
  "displayName": "Alan watts",
  "email": "email@email.com"
},{
  "displayName": "GABRIELA GARCIA VELAZQUEZ",
  "email": "gvelazquez@gmail.com"
},{
  "displayName": "Chelsea Ferris",
  "email": "chelsea.ferris@gmail.com"
},{
  "displayName": "Sarah Gallant",
  "email": "sarah.gallant@live.ca"
},{
  "displayName": "Shianne Kindred",
  "email": "shianne.kindred@xplornet.com"
}]